2017/04/13 14:58:26	フレキホース		https://www.monotaro.com/g/00368202/	839			39176137	100×3m	アルミニウム 	100 	108 	102 		￥599	2以上	￥599		￥839	1	￥839				  	
2017/04/13 14:58:26	フレキホース		https://www.monotaro.com/g/00368202/	1290			39176146	150×3m	アルミニウム 	150 	159 	152 		￥979	2以上	￥979		￥1,290	1	￥1,290				  	
2017/04/13 14:58:27	ボールバルブ(フルボア)		https://www.monotaro.com/g/00025478/	769			08675143	1/4	8 	1/4 	10 	46 	37 		￥769	1	￥769	  	
2017/04/13 14:58:27	ボールバルブ(フルボア)		https://www.monotaro.com/g/00025478/	799			08675152	3/8	10 	3/8 	10 	46 	37 		￥799	1	￥799	  	
2017/04/13 14:58:27	ボールバルブ(フルボア)		https://www.monotaro.com/g/00025478/	949			07016091	1/2	15 	1/2 	12.7 	55 	39 		￥949	1	￥949	  	
2017/04/13 14:58:27	ボールバルブ(フルボア)		https://www.monotaro.com/g/00025478/	1090			07016107	3/4	20 	3/4 	20 	64 	50 		￥1,090	1	￥1,090	  	
2017/04/13 14:58:27	ボールバルブ(フルボア)		https://www.monotaro.com/g/00025478/	1490			07016116	1	25 	1 	25 	76 	54 		￥1,490	1	￥1,490	  	
2017/04/13 14:58:27	ボールバルブ(フルボア)		https://www.monotaro.com/g/00025478/	2290			29979897	11/4	32 	1・1/4 	32 	85 	60 		￥2,290	1	￥2,290	  	
2017/04/13 14:58:27	ボールバルブ(フルボア)		https://www.monotaro.com/g/00025478/	2990			29979906	11/2	40 	1・1/2 	38 	92 	65 		￥2,990	1	￥2,990	  	
2017/04/13 14:58:27	ボールバルブ(フルボア)		https://www.monotaro.com/g/00025478/	3990			29979915	2	50 	2 	50 	108 	79 		￥3,990	1	￥3,990		欠品中	-	  	代替品有	
2017/04/13 14:58:39	キッツ　エコボールバルブ６００型　１／２	(株)キッツ	http://www.orange-book.com/obwfk52010/index/page:1/catalogbigclscd:C/catalogmiddleclscd:01/catalogsmallclscd:01/catalogxsmallclscd:4257/viewtype:single/limit:100	Z-15A	163-6448	\2,603（\2,410）	\2,169（\2,008）	2017-4-1603	
2017/04/13 14:58:39	キッツ　Ｔシリーズボールバルブ４００型　１／２	(株)キッツ	http://www.orange-book.com/obwfk52010/index/page:1/catalogbigclscd:C/catalogmiddleclscd:01/catalogsmallclscd:01/catalogxsmallclscd:4257/viewtype:single/limit:100	T-15A	163-6707	\3,866（\3,580）	\3,219（\2,981）	2017-4-1603	
2017/04/13 14:58:39	キッツ　Ｔシリーズボールバルブ　３／８	(株)キッツ	http://www.orange-book.com/obwfk52010/index/page:1/catalogbigclscd:C/catalogmiddleclscd:01/catalogsmallclscd:01/catalogxsmallclscd:4257/viewtype:single/limit:100	TK-10A	163-6880	\2,117（\1,960）	\1,764（\1,633）	2017-4-1604	
2017/04/13 14:58:39	キッツ　Ｔシリーズボールバルブ　１／４	(株)キッツ	http://www.orange-book.com/obwfk52010/index/page:1/catalogbigclscd:C/catalogmiddleclscd:01/catalogsmallclscd:01/catalogxsmallclscd:4257/viewtype:single/limit:100	TK-8A	163-6871	\1,782（\1,650）	\1,484（\1,374）	2017-4-1604	
2017/04/13 14:58:39	キッツ　ＵＴＫ型ボールバルブ　３／４	(株)キッツ	http://www.orange-book.com/obwfk52010/index/page:1/catalogbigclscd:C/catalogmiddleclscd:01/catalogsmallclscd:01/catalogxsmallclscd:4257/viewtype:single/limit:100	UTK-20A	169-2402	\4,288（\3,970）	\3,538（\3,276）	2017-4-1608	
2017/04/13 14:58:39	キッツ　３方弁シリーズバルブ　３／４	(株)キッツ	http://www.orange-book.com/obwfk52010/index/page:1/catalogbigclscd:C/catalogmiddleclscd:01/catalogsmallclscd:01/catalogxsmallclscd:4257/viewtype:single/limit:100	TN-20A	163-7070	\5,044（\4,670）	\4,200（\3,889）	2017-4-1604	
2017/04/13 14:58:39	キッツ　ＵＴＫ型ボールバルブ　１／２	(株)キッツ	http://www.orange-book.com/obwfk52010/index/page:1/catalogbigclscd:C/catalogmiddleclscd:01/catalogsmallclscd:01/catalogxsmallclscd:4257/viewtype:single/limit:100	UTK-15A	169-2399	\3,715（\3,440）	\3,066（\2,839）	2017-4-1608	
2017/04/13 14:58:39	キッツ　ＵＴＫＭ型ボールバルブ　１／２	(株)キッツ	http://www.orange-book.com/obwfk52010/index/page:1/catalogbigclscd:C/catalogmiddleclscd:01/catalogsmallclscd:01/catalogxsmallclscd:4257/viewtype:single/limit:100	UTKM-15A	169-2470	\4,655（\4,310）	\3,840（\3,556）	2017-4-1608	
2017/04/13 14:58:39	キッツ　Ｔシリーズボールバルブ４００型　３／４	(株)キッツ	http://www.orange-book.com/obwfk52010/index/page:1/catalogbigclscd:C/catalogmiddleclscd:01/catalogsmallclscd:01/catalogxsmallclscd:4257/viewtype:single/limit:100	T-20A	163-6715	\4,601（\4,260）	\3,832（\3,548）	2017-4-1603	
2017/04/13 14:58:39	キッツ　ＵＴＫ型ボールバルブ　３／８	(株)キッツ	http://www.orange-book.com/obwfk52010/index/page:1/catalogbigclscd:C/catalogmiddleclscd:01/catalogsmallclscd:01/catalogxsmallclscd:4257/viewtype:single/limit:100	UTK-10A	169-2381	\3,002（\2,780）	\2,628（\2,433）	2017-4-1608	
2017/04/13 14:58:39	キッツ　エコボールバルブ６００型　３／４	(株)キッツ	http://www.orange-book.com/obwfk52010/index/page:1/catalogbigclscd:C/catalogmiddleclscd:01/catalogsmallclscd:01/catalogxsmallclscd:4257/viewtype:single/limit:100	Z-20A	163-6456	\3,024（\2,800）	\2,520（\2,333）	2017-4-1603	
2017/04/13 14:58:39	キッツ　廉価タイプエコボールバルブ　＃１	(株)キッツ	http://www.orange-book.com/obwfk52010/index/page:1/catalogbigclscd:C/catalogmiddleclscd:01/catalogsmallclscd:01/catalogxsmallclscd:4257/viewtype:single/limit:100	ZH-25A	163-6561	\3,402（\3,150）	\2,834（\2,624）	2017-4-1603	
2017/04/13 14:58:39	キッツ　Ｔシリーズボールバルブ　１／２	(株)キッツ	http://www.orange-book.com/obwfk52010/index/page:1/catalogbigclscd:C/catalogmiddleclscd:01/catalogsmallclscd:01/catalogxsmallclscd:4257/viewtype:single/limit:100	TK-15A	163-6898	\2,408（\2,230）	\2,007（\1,858）	2017-4-1604	
2017/04/13 14:58:39	キッツ　エコボールバルブ６００型　３／８	(株)キッツ	http://www.orange-book.com/obwfk52010/index/page:1/catalogbigclscd:C/catalogmiddleclscd:01/catalogsmallclscd:01/catalogxsmallclscd:4257/viewtype:single/limit:100	Z-10A	163-6430	\2,419（\2,240）	\2,014（\1,865）	2017-4-1603	
2017/04/13 14:58:39	キッツ　３方弁シリーズバルブ　１／２	(株)キッツ	http://www.orange-book.com/obwfk52010/index/page:1/catalogbigclscd:C/catalogmiddleclscd:01/catalogsmallclscd:01/catalogxsmallclscd:4257/viewtype:single/limit:100	TN-15A	163-7061	\4,547（\4,210）	\3,786（\3,506）	2017-4-1604	
2017/04/13 14:58:39	キッツ　Ｔシリーズボールバルブ４００型　１１／４	(株)キッツ	http://www.orange-book.com/obwfk52010/index/page:1/catalogbigclscd:C/catalogmiddleclscd:01/catalogsmallclscd:01/catalogxsmallclscd:4257/viewtype:single/limit:100	T-32A	163-6731	\9,364（\8,670）	\7,798（\7,220）	2017-4-1603	
2017/04/13 14:58:39	イノック　ねじ込みボールバルブ	イノック(株)	http://www.orange-book.com/obwfk52010/index/page:1/catalogbigclscd:C/catalogmiddleclscd:01/catalogsmallclscd:01/catalogxsmallclscd:4257/viewtype:single/limit:100	304SRV15A	175-4319	\2,711（\2,510）	\2,657（\2,460）	2017-4-1608	
2017/04/13 14:58:39	キッツ　Ｔシリーズボールバルブ４００型　＃１	(株)キッツ	http://www.orange-book.com/obwfk52010/index/page:1/catalogbigclscd:C/catalogmiddleclscd:01/catalogsmallclscd:01/catalogxsmallclscd:4257/viewtype:single/limit:100	T-25A	163-6723	\6,156（\5,700）	\5,126（\4,746）	2017-4-1603	
2017/04/13 14:58:39	キッツ　Ｔシリーズボールバルブ４００型　１／４	(株)キッツ	http://www.orange-book.com/obwfk52010/index/page:1/catalogbigclscd:C/catalogmiddleclscd:01/catalogsmallclscd:01/catalogxsmallclscd:4257/viewtype:single/limit:100	T-8A	163-6685	\3,370（\3,120）	\2,807（\2,599）	2017-4-1603	
2017/04/13 14:58:39	キッツ　ＵＴＫ型ボールバルブ　＃１	(株)キッツ	http://www.orange-book.com/obwfk52010/index/page:1/catalogbigclscd:C/catalogmiddleclscd:01/catalogsmallclscd:01/catalogxsmallclscd:4257/viewtype:single/limit:100	UTK-25A	169-2411	\5,400（\5,000）	\4,455（\4,125）	2017-4-1608	
2017/04/13 14:58:39	キッツ　ＵＴＫ型ボールバルブ　１１／２	(株)キッツ	http://www.orange-book.com/obwfk52010/index/page:1/catalogbigclscd:C/catalogmiddleclscd:01/catalogsmallclscd:01/catalogxsmallclscd:4257/viewtype:single/limit:100	UTK-40A	169-2437	\12,096（\11,200）	\9,979（\9,240）	2017-4-1608	
2017/04/13 14:58:39	キッツ　Ｔシリーズボールバルブ　１／４	(株)キッツ	http://www.orange-book.com/obwfk52010/index/page:1/catalogbigclscd:C/catalogmiddleclscd:01/catalogsmallclscd:01/catalogxsmallclscd:4257/viewtype:single/limit:100	TKT-8A	163-6961	\1,782（\1,650）	\1,484（\1,374）	2017-4-1604	
2017/04/13 14:58:39	フジキン　ステンレス鋼製３．９２ＭＰａレデュースボアタイプボール弁８Ａ	(株)フジキン	http://www.orange-book.com/obwfk52010/index/page:1/catalogbigclscd:C/catalogmiddleclscd:01/catalogsmallclscd:01/catalogxsmallclscd:4257/viewtype:single/limit:100	UBVN-14B-R	365-5571	\1,728（\1,600）	\1,728（\1,600）	2017-4-1609	
2017/04/13 14:58:39	フジキン　ステンレス鋼製３．９２ＭＰａフルボアタイプボール弁１０Ａ（３／８）	(株)フジキン	http://www.orange-book.com/obwfk52010/index/page:1/catalogbigclscd:C/catalogmiddleclscd:01/catalogsmallclscd:01/catalogxsmallclscd:4257/viewtype:single/limit:100	UBVNF-14C-R	365-5725	\4,320（\4,000）	\4,320（\4,000）	2017-4-1610	
2017/04/13 14:58:39	キッツ　廉価タイプエコボールバルブ　３／８	(株)キッツ	http://www.orange-book.com/obwfk52010/index/page:1/catalogbigclscd:C/catalogmiddleclscd:01/catalogsmallclscd:01/catalogxsmallclscd:4257/viewtype:single/limit:100	ZH-10A	163-6537	\2,160（\2,000）	\1,799（\1,666）	2017-4-1603	
2017/04/13 14:58:39	イノック　ねじ込みボールバルブ	イノック(株)	http://www.orange-book.com/obwfk52010/index/page:1/catalogbigclscd:C/catalogmiddleclscd:01/catalogsmallclscd:01/catalogxsmallclscd:4257/viewtype:single/limit:100	316SRVMB8A	255-0881	\2,657（\2,460）	\2,603（\2,410）	2017-4-1609	
2017/04/13 14:58:39	フジキン　黄銅製１．９６ＭＰａミニボール弁１０Ａ（３／８）	(株)フジキン	http://www.orange-book.com/obwfk52010/index/page:1/catalogbigclscd:C/catalogmiddleclscd:01/catalogsmallclscd:01/catalogxsmallclscd:4257/viewtype:single/limit:100	DBV-12C-BU-R	365-5075	\1,620（\1,500）	\1,620（\1,500）	2017-4-1607	
2017/04/13 14:58:39	フジキン　黄銅製ニードルバルブ１／４Ｂ	(株)フジキン	http://www.orange-book.com/obwfk52010/index/page:1/catalogbigclscd:C/catalogmiddleclscd:01/catalogsmallclscd:01/catalogxsmallclscd:4257/viewtype:single/limit:100	DH-12B-R	850-4758	\3,024（\2,800）	\3,024（\2,800）	-	
2017/04/13 14:58:39	キッツ　Ｔシリーズボールバルブ　１／８	(株)キッツ	http://www.orange-book.com/obwfk52010/index/page:1/catalogbigclscd:C/catalogmiddleclscd:01/catalogsmallclscd:01/catalogxsmallclscd:4257/viewtype:single/limit:100	TK-6A	163-6863	\1,782（\1,650）	\1,484（\1,374）	2017-4-1604	
2017/04/13 14:58:39	キッツ　Ｔシリーズボールバルブ　１／８	(株)キッツ	http://www.orange-book.com/obwfk52010/index/page:1/catalogbigclscd:C/catalogmiddleclscd:01/catalogsmallclscd:01/catalogxsmallclscd:4257/viewtype:single/limit:100	TKT-6A	163-6952	\1,782（\1,650）	\1,484（\1,374）	2017-4-1604	
2017/04/13 14:58:39	キッツ　３方弁シリーズバルブ　＃２	(株)キッツ	http://www.orange-book.com/obwfk52010/index/page:1/catalogbigclscd:C/catalogmiddleclscd:01/catalogsmallclscd:01/catalogxsmallclscd:4257/viewtype:single/limit:100	TN-50A	163-7118	\20,196（\18,700）	\16,815（\15,569）	2017-4-1604	
2017/04/13 14:58:39	キッツ　３方弁シリーズバルブ　１／４	(株)キッツ	http://www.orange-book.com/obwfk52010/index/page:1/catalogbigclscd:C/catalogmiddleclscd:01/catalogsmallclscd:01/catalogxsmallclscd:4257/viewtype:single/limit:100	TN-8A	163-7045	\3,823（\3,540）	\3,184（\2,948）	2017-4-1604	
2017/04/13 14:58:39	キッツ　ＭＺＥ型ボールバルブ３／４	(株)キッツ	http://www.orange-book.com/obwfk52010/index/page:1/catalogbigclscd:C/catalogmiddleclscd:01/catalogsmallclscd:01/catalogxsmallclscd:4257/viewtype:single/limit:100	MZE-20A	411-0226	オープン価格	\2,525（\2,338）	2017-4-1604	
2017/04/13 14:58:39	キッツ　ボールバルブ４００型　３／４	(株)キッツ	http://www.orange-book.com/obwfk52010/index/page:1/catalogbigclscd:C/catalogmiddleclscd:01/catalogsmallclscd:01/catalogxsmallclscd:4257/viewtype:single/limit:100	STZ-20A	342-8583	\3,100（\2,870）	\2,906（\2,691）	2017-4-1608	
2017/04/13 14:58:39	キッツ　ボールバルブ４００型	(株)キッツ	http://www.orange-book.com/obwfk52010/index/page:1/catalogbigclscd:C/catalogmiddleclscd:01/catalogsmallclscd:01/catalogxsmallclscd:4257/viewtype:single/limit:100	STZ-8A	342-8630	\2,538（\2,350）	\2,381（\2,205）	2017-4-1608	
2017/04/13 14:58:39	キッツ　Ｔシリーズボールバルブ４００型　３／８	(株)キッツ	http://www.orange-book.com/obwfk52010/index/page:1/catalogbigclscd:C/catalogmiddleclscd:01/catalogsmallclscd:01/catalogxsmallclscd:4257/viewtype:single/limit:100	T-10A	163-6693	\3,532（\3,270）	\2,942（\2,724）	2017-4-1603	
2017/04/13 14:58:39	キッツ　Ｔシリーズボールバルブ　１１／２	(株)キッツ	http://www.orange-book.com/obwfk52010/index/page:1/catalogbigclscd:C/catalogmiddleclscd:01/catalogsmallclscd:01/catalogxsmallclscd:4257/viewtype:single/limit:100	TKT-40A	163-7029	\7,981（\7,390）	\6,645（\6,153）	2017-4-1604	
2017/04/13 14:58:39	フジキン　ステンレス鋼製３．９２ＭＰａレデュースボアタイプボール弁１５Ａ	(株)フジキン	http://www.orange-book.com/obwfk52010/index/page:1/catalogbigclscd:C/catalogmiddleclscd:01/catalogsmallclscd:01/catalogxsmallclscd:4257/viewtype:single/limit:100	UBVN-14D-R	365-5610	\2,268（\2,100）	\2,268（\2,100）	2017-4-1609	
2017/04/13 14:58:39	キッツ　ＵＴＫＭ型ボールバルブ　１／４	(株)キッツ	http://www.orange-book.com/obwfk52010/index/page:1/catalogbigclscd:C/catalogmiddleclscd:01/catalogsmallclscd:01/catalogxsmallclscd:4257/viewtype:single/limit:100	UTKM-8A	169-2453	\3,521（\3,260）	\2,905（\2,690）	2017-4-1608	
2017/04/13 14:58:39	キッツ　廉価タイプエコボールバルブ　１／２	(株)キッツ	http://www.orange-book.com/obwfk52010/index/page:1/catalogbigclscd:C/catalogmiddleclscd:01/catalogsmallclscd:01/catalogxsmallclscd:4257/viewtype:single/limit:100	ZH-15A	163-6545	\2,300（\2,130）	\1,917（\1,775）	2017-4-1603	
2017/04/13 14:58:39	キッツ　廉価タイプエコボールバルブ　１／４	(株)キッツ	http://www.orange-book.com/obwfk52010/index/page:1/catalogbigclscd:C/catalogmiddleclscd:01/catalogsmallclscd:01/catalogxsmallclscd:4257/viewtype:single/limit:100	ZH-8A	163-6529	\1,890（\1,750）	\1,575（\1,458）	2017-4-1603	
2017/04/13 14:58:39	キッツ　廉価タイプＴシリーズボールバルブ　＃１	(株)キッツ	http://www.orange-book.com/obwfk52010/index/page:1/catalogbigclscd:C/catalogmiddleclscd:01/catalogsmallclscd:01/catalogxsmallclscd:4257/viewtype:single/limit:100	TH-25A	163-6821	\5,011（\4,640）	\4,173（\3,864）	2017-4-1603	
2017/04/13 14:58:39	キッツ　Ｔシリーズボールバルブ　１／２	(株)キッツ	http://www.orange-book.com/obwfk52010/index/page:1/catalogbigclscd:C/catalogmiddleclscd:01/catalogsmallclscd:01/catalogxsmallclscd:4257/viewtype:single/limit:100	TKT-15A	163-6987	\2,408（\2,230）	\2,007（\1,858）	2017-4-1604	
2017/04/13 14:58:39	フジキン　ステンレス鋼製３．９２ＭＰａフルボアタイプボール弁２０Ａ（３／４）	(株)フジキン	http://www.orange-book.com/obwfk52010/index/page:1/catalogbigclscd:C/catalogmiddleclscd:01/catalogsmallclscd:01/catalogxsmallclscd:4257/viewtype:single/limit:100	UBVNF-14E-BU-R	365-5750	\5,940（\5,500）	\5,940（\5,500）	2017-4-1610	
2017/04/13 14:58:39	キッツ　エコボールバルブ６００型　１１／２	(株)キッツ	http://www.orange-book.com/obwfk52010/index/page:1/catalogbigclscd:C/catalogmiddleclscd:01/catalogsmallclscd:01/catalogxsmallclscd:4257/viewtype:single/limit:100	Z-40A	163-6481	\7,981（\7,390）	\6,645（\6,153）	2017-4-1603	
2017/04/13 14:58:39	キッツ　廉価タイプエコボールバルブ　３／４	(株)キッツ	http://www.orange-book.com/obwfk52010/index/page:1/catalogbigclscd:C/catalogmiddleclscd:01/catalogsmallclscd:01/catalogxsmallclscd:4257/viewtype:single/limit:100	ZH-20A	163-6553	\2,689（\2,490）	\2,241（\2,075）	2017-4-1603	
2017/04/13 14:58:39	ホット　逆止弁付きボールバルブ　（１３外×１３外）	ホット(株)	http://www.orange-book.com/obwfk52010/index/page:1/catalogbigclscd:C/catalogmiddleclscd:01/catalogsmallclscd:01/catalogxsmallclscd:4257/viewtype:single/limit:100	G-1	850-4773	オープン価格	\1,858（\1,720）	-	
2017/04/13 14:58:39	キッツ　ＭＺＥ型ボールバルブ３／８	(株)キッツ	http://www.orange-book.com/obwfk52010/index/page:1/catalogbigclscd:C/catalogmiddleclscd:01/catalogsmallclscd:01/catalogxsmallclscd:4257/viewtype:single/limit:100	MZE-10A	411-0200	オープン価格	\1,985（\1,838）	2017-4-1604	
2017/04/13 14:58:39	キッツ　Ｔシリーズボールバルブ　３／４	(株)キッツ	http://www.orange-book.com/obwfk52010/index/page:1/catalogbigclscd:C/catalogmiddleclscd:01/catalogsmallclscd:01/catalogxsmallclscd:4257/viewtype:single/limit:100	TK-20A	163-6901	\3,035（\2,810）	\2,528（\2,341）	2017-4-1604	
2017/04/13 14:58:39	キッツ　Ｔシリーズボールバルブ　３／８	(株)キッツ	http://www.orange-book.com/obwfk52010/index/page:1/catalogbigclscd:C/catalogmiddleclscd:01/catalogsmallclscd:01/catalogxsmallclscd:4257/viewtype:single/limit:100	TKT-10A	163-6979	\2,117（\1,960）	\1,764（\1,633）	2017-4-1604	
2017/04/13 14:58:39	キッツ　Ｔシリーズボールバルブ　＃１	(株)キッツ	http://www.orange-book.com/obwfk52010/index/page:1/catalogbigclscd:C/catalogmiddleclscd:01/catalogsmallclscd:01/catalogxsmallclscd:4257/viewtype:single/limit:100	TKT-25A	163-7002	\4,266（\3,950）	\3,552（\3,289）	2017-4-1604	
2017/04/13 14:58:39	フジキン　ステンレス鋼製３．９２ＭＰａレデュースボアタイプボール弁１０Ａ	(株)フジキン	http://www.orange-book.com/obwfk52010/index/page:1/catalogbigclscd:C/catalogmiddleclscd:01/catalogsmallclscd:01/catalogxsmallclscd:4257/viewtype:single/limit:100	UBVN-14C-R	365-5598	\1,836（\1,700）	\1,836（\1,700）	2017-4-1609	
2017/04/13 14:58:39	フジキン　ステンレス鋼製３．９２ＭＰａレデュースボアタイプボール弁２５Ａ（１）	(株)フジキン	http://www.orange-book.com/obwfk52010/index/page:1/catalogbigclscd:C/catalogmiddleclscd:01/catalogsmallclscd:01/catalogxsmallclscd:4257/viewtype:single/limit:100	UBVN-14F-BU-R	365-5644	\3,348（\3,100）	\3,348（\3,100）	2017-4-1609	
2017/04/13 14:58:39	フジキン　ステンレス鋼製３．９２ＭＰａフルボアタイプボール弁１５Ａ（１／２）	(株)フジキン	http://www.orange-book.com/obwfk52010/index/page:1/catalogbigclscd:C/catalogmiddleclscd:01/catalogsmallclscd:01/catalogxsmallclscd:4257/viewtype:single/limit:100	UBVNF-14D-BU-R	365-5733	\5,076（\4,700）	\5,076（\4,700）	2017-4-1610	
2017/04/13 14:58:39	フジキン　ステンレス鋼製３．９２ＭＰａフルボアタイプボール弁２０Ａ（３／４）	(株)フジキン	http://www.orange-book.com/obwfk52010/index/page:1/catalogbigclscd:C/catalogmiddleclscd:01/catalogsmallclscd:01/catalogxsmallclscd:4257/viewtype:single/limit:100	UBVNF-14E-R	365-5768	\5,940（\5,500）	\5,940（\5,500）	2017-4-1610	
2017/04/13 14:58:39	キッツ　ボール	(株)キッツ	http://www.orange-book.com/obwfk52010/index/page:1/catalogbigclscd:C/catalogmiddleclscd:01/catalogsmallclscd:01/catalogxsmallclscd:4257/viewtype:single/limit:100	UTK-8A	169-2372	\2,840（\2,630）	\2,344（\2,170）	2017-4-1608	
2017/04/13 14:58:39	キッツ　ＵＴＫＭ型ボールバルブ　３／８	(株)キッツ	http://www.orange-book.com/obwfk52010/index/page:1/catalogbigclscd:C/catalogmiddleclscd:01/catalogsmallclscd:01/catalogxsmallclscd:4257/viewtype:single/limit:100	UTKM-10A	169-2461	\3,748（\3,470）	\3,092（\2,863）	2017-4-1608	
2017/04/13 14:58:39	キッツ　ＵＴＫＭ型ボールバルブ　１１／２	(株)キッツ	http://www.orange-book.com/obwfk52010/index/page:1/catalogbigclscd:C/catalogmiddleclscd:01/catalogsmallclscd:01/catalogxsmallclscd:4257/viewtype:single/limit:100	UTKM-40A	169-2518	\15,228（\14,100）	\12,564（\11,633）	2017-4-1608	
2017/04/13 14:58:39	キッツ　ＵＴＫＭ型ボールバルブ　＃２	(株)キッツ	http://www.orange-book.com/obwfk52010/index/page:1/catalogbigclscd:C/catalogmiddleclscd:01/catalogsmallclscd:01/catalogxsmallclscd:4257/viewtype:single/limit:100	UTKM-50A	169-2526	\20,952（\19,400）	\17,285（\16,005）	2017-4-1608	
2017/04/13 14:58:39	キッツ　エコボールバルブ６００型　＃１	(株)キッツ	http://www.orange-book.com/obwfk52010/index/page:1/catalogbigclscd:C/catalogmiddleclscd:01/catalogsmallclscd:01/catalogxsmallclscd:4257/viewtype:single/limit:100	Z-25A	163-6464	\4,082（\3,780）	\3,401（\3,149）	2017-4-1603	
2017/04/13 14:58:39	キッツ　エコボールバルブ６００型　１／４	(株)キッツ	http://www.orange-book.com/obwfk52010/index/page:1/catalogbigclscd:C/catalogmiddleclscd:01/catalogsmallclscd:01/catalogxsmallclscd:4257/viewtype:single/limit:100	Z-8A	163-6421	\2,203（\2,040）	\1,836（\1,700）	2017-4-1603	
2017/04/13 14:58:39	キッツ　ステンレス製フランジ形ボール	(株)キッツ	http://www.orange-book.com/obwfk52010/index/page:1/catalogbigclscd:C/catalogmiddleclscd:01/catalogsmallclscd:01/catalogxsmallclscd:4257/viewtype:single/limit:100	10UTB50	850-4202	\61,992（\57,400）	\58,118（\53,813）	-	
2017/04/13 14:58:39	イノック　ねじ込みボールバルブ	イノック(株)	http://www.orange-book.com/obwfk52010/index/page:1/catalogbigclscd:C/catalogmiddleclscd:01/catalogsmallclscd:01/catalogxsmallclscd:4257/viewtype:single/limit:100	304SRV32A	175-4343	\6,674（\6,180）	\6,540（\6,056）	2017-4-1608	
2017/04/13 14:58:39	イノック　ねじ込みボールバルブ	イノック(株)	http://www.orange-book.com/obwfk52010/index/page:1/catalogbigclscd:C/catalogmiddleclscd:01/catalogsmallclscd:01/catalogxsmallclscd:4257/viewtype:single/limit:100	316SFVM20A	175-4688	\7,668（\7,100）	\7,512（\6,956）	2017-4-1608	
2017/04/13 14:58:39	イノック　ねじ込みボールバルブ	イノック(株)	http://www.orange-book.com/obwfk52010/index/page:1/catalogbigclscd:C/catalogmiddleclscd:01/catalogsmallclscd:01/catalogxsmallclscd:4257/viewtype:single/limit:100	316SRVMB10A	255-0890	\2,743（\2,540）	\2,688（\2,489）	2017-4-1609	
2017/04/13 14:58:39	カクダイ　三方ボールバルブ	(株)カクダイ	http://www.orange-book.com/obwfk52010/index/page:1/catalogbigclscd:C/catalogmiddleclscd:01/catalogsmallclscd:01/catalogxsmallclscd:4257/viewtype:single/limit:100	6508-20	807-4731	\5,508（\5,100）	\5,115（\4,736）	-	
2017/04/13 14:58:39	ＡＳＯＨ　エースボールＺｅｒｏ　外Ｘ内ネジ型　ＰＴ３／８ＸＰＦ３／８	アソー(株)	http://www.orange-book.com/obwfk52010/index/page:1/catalogbigclscd:C/catalogmiddleclscd:01/catalogsmallclscd:01/catalogxsmallclscd:4257/viewtype:single/limit:100	BM-0033	382-1714	\2,160（\2,000）	\2,160（\2,000）	2017-4-1606	
2017/04/13 14:58:39	ＡＳＯＨ　エースボールＺｅｒｏ　外Ｘ内ネジ型　ＰＴ３／４ＸＰＦ３／４	アソー(株)	http://www.orange-book.com/obwfk52010/index/page:1/catalogbigclscd:C/catalogmiddleclscd:01/catalogsmallclscd:01/catalogxsmallclscd:4257/viewtype:single/limit:100	BM-0066	382-1731	\3,132（\2,900）	\3,132（\2,900）	2017-4-1606	
2017/04/13 14:58:39	フジキン　黄銅製１．９６ＭＰａミニボール弁８Ａ（１／４）	(株)フジキン	http://www.orange-book.com/obwfk52010/index/page:1/catalogbigclscd:C/catalogmiddleclscd:01/catalogsmallclscd:01/catalogxsmallclscd:4257/viewtype:single/limit:100	DBV-12B-R	365-5067	\1,404（\1,300）	\1,404（\1,300）	2017-4-1607	
2017/04/13 14:58:39	フジキン　黄銅製１．９６ＭＰａミニボール弁１０Ａ（３／８）	(株)フジキン	http://www.orange-book.com/obwfk52010/index/page:1/catalogbigclscd:C/catalogmiddleclscd:01/catalogsmallclscd:01/catalogxsmallclscd:4257/viewtype:single/limit:100	DBV-12C-R	365-5083	\1,620（\1,500）	\1,620（\1,500）	2017-4-1607	
2017/04/13 14:58:39	キッツ　ＭＺＥ型ボールバルブ１／２	(株)キッツ	http://www.orange-book.com/obwfk52010/index/page:1/catalogbigclscd:C/catalogmiddleclscd:01/catalogsmallclscd:01/catalogxsmallclscd:4257/viewtype:single/limit:100	MZE-15A	411-0218	オープン価格	\2,147（\1,988）	2017-4-1604	
2017/04/13 14:58:39	キッツ　Ｔシリーズボールバルブ４００型　１／２	(株)キッツ	http://www.orange-book.com/obwfk52010/index/page:1/catalogbigclscd:C/catalogmiddleclscd:01/catalogsmallclscd:01/catalogxsmallclscd:4257/viewtype:single/limit:100	TH-15A	163-6804	\3,294（\3,050）	\2,743（\2,540）	2017-4-1603	
2017/04/13 14:58:39	キッツ　Ｔシリーズボールバルブ　＃１	(株)キッツ	http://www.orange-book.com/obwfk52010/index/page:1/catalogbigclscd:C/catalogmiddleclscd:01/catalogsmallclscd:01/catalogxsmallclscd:4257/viewtype:single/limit:100	TK-25A	163-6910	\4,266（\3,950）	\3,552（\3,289）	2017-4-1604	
2017/04/13 14:58:39	キッツ　３方弁シリーズバルブ　３／８	(株)キッツ	http://www.orange-book.com/obwfk52010/index/page:1/catalogbigclscd:C/catalogmiddleclscd:01/catalogsmallclscd:01/catalogxsmallclscd:4257/viewtype:single/limit:100	TN-10A	163-7053	\4,007（\3,710）	\3,337（\3,090）	2017-4-1604	
2017/04/13 14:58:39	フジキン　ステンレス鋼製３．９２ＭＰａミニボール弁８Ａ（１／４）	(株)フジキン	http://www.orange-book.com/obwfk52010/index/page:1/catalogbigclscd:C/catalogmiddleclscd:01/catalogsmallclscd:01/catalogxsmallclscd:4257/viewtype:single/limit:100	UBV-14B-BU-R	365-5377	\3,888（\3,600）	\3,888（\3,600）	2017-4-1611	
2017/04/13 14:58:39	フジキン　ステンレス鋼製３．９２ＭＰａミニボール弁１５Ａ（１／２）	(株)フジキン	http://www.orange-book.com/obwfk52010/index/page:1/catalogbigclscd:C/catalogmiddleclscd:01/catalogsmallclscd:01/catalogxsmallclscd:4257/viewtype:single/limit:100	UBV-14D-R	365-5423	\4,536（\4,200）	\4,536（\4,200）	2017-4-1611	
2017/04/13 14:58:39	フジキン　ステンレス鋼製３．９２ＭＰａフルボアタイプボール弁５０Ａ（２）	(株)フジキン	http://www.orange-book.com/obwfk52010/index/page:1/catalogbigclscd:C/catalogmiddleclscd:01/catalogsmallclscd:01/catalogxsmallclscd:4257/viewtype:single/limit:100	UBVNF-14I-R	365-5814	\22,464（\20,800）	\22,464（\20,800）	2017-4-1610	
2017/04/13 14:58:39	キッツ　ＵＴＫＭ型ボールバルブ　３／４	(株)キッツ	http://www.orange-book.com/obwfk52010/index/page:1/catalogbigclscd:C/catalogmiddleclscd:01/catalogsmallclscd:01/catalogxsmallclscd:4257/viewtype:single/limit:100	UTKM-20A	169-2488	\5,389（\4,990）	\4,447（\4,118）	2017-4-1608	
2017/04/13 14:58:39	キッツ　ＵＴＫＭ型ボールバルブ　＃１	(株)キッツ	http://www.orange-book.com/obwfk52010/index/page:1/catalogbigclscd:C/catalogmiddleclscd:01/catalogsmallclscd:01/catalogxsmallclscd:4257/viewtype:single/limit:100	UTKM-25A	169-2496	\6,804（\6,300）	\5,615（\5,199）	2017-4-1608	
2017/04/13 14:58:39	キッツ　廉価タイプエコボールバルブ　＃３	(株)キッツ	http://www.orange-book.com/obwfk52010/index/page:1/catalogbigclscd:C/catalogmiddleclscd:01/catalogsmallclscd:01/catalogxsmallclscd:4257/viewtype:single/limit:100	ZH-80A	163-6618	\50,112（\46,400）	\41,719（\38,629）	2017-4-1603	
2017/04/13 14:58:39	イノック　ねじ込みボールバルブ	イノック(株)	http://www.orange-book.com/obwfk52010/index/page:1/catalogbigclscd:C/catalogmiddleclscd:01/catalogsmallclscd:01/catalogxsmallclscd:4257/viewtype:single/limit:100	304SRV10A	175-4301	\2,171（\2,010）	\2,128（\1,970）	2017-4-1608	
2017/04/13 14:58:39	イノック　ねじ込みボールバルブ	イノック(株)	http://www.orange-book.com/obwfk52010/index/page:1/catalogbigclscd:C/catalogmiddleclscd:01/catalogsmallclscd:01/catalogxsmallclscd:4257/viewtype:single/limit:100	304SRV20A	175-4327	\3,251（\3,010）	\3,186（\2,950）	2017-4-1608	
2017/04/13 14:58:39	イノック　ねじ込みボールバルブ	イノック(株)	http://www.orange-book.com/obwfk52010/index/page:1/catalogbigclscd:C/catalogmiddleclscd:01/catalogsmallclscd:01/catalogxsmallclscd:4257/viewtype:single/limit:100	304SRV8A	175-4297	\2,052（\1,900）	\2,010（\1,861）	2017-4-1608	
2017/04/13 14:58:39	イノック　ねじ込みボールバルブ	イノック(株)	http://www.orange-book.com/obwfk52010/index/page:1/catalogbigclscd:C/catalogmiddleclscd:01/catalogsmallclscd:01/catalogxsmallclscd:4257/viewtype:single/limit:100	316SFVM15A	175-4670	\5,821（\5,390）	\5,702（\5,280）	2017-4-1608	
2017/04/13 14:58:39	イノック　ねじ込みボールバルブ	イノック(株)	http://www.orange-book.com/obwfk52010/index/page:1/catalogbigclscd:C/catalogmiddleclscd:01/catalogsmallclscd:01/catalogxsmallclscd:4257/viewtype:single/limit:100	316SRVM10A	175-4491	\2,743（\2,540）	\2,688（\2,489）	2017-4-1609	
2017/04/13 14:58:39	カクダイ　耐熱ボールバルブ	(株)カクダイ	http://www.orange-book.com/obwfk52010/index/page:1/catalogbigclscd:C/catalogmiddleclscd:01/catalogsmallclscd:01/catalogxsmallclscd:4257/viewtype:single/limit:100	650-030-13	419-0611	\2,970（\2,750）	\2,758（\2,554）	2017-4-1607	
2017/04/13 14:58:39	カクダイ　耐熱ボールバルブ	(株)カクダイ	http://www.orange-book.com/obwfk52010/index/page:1/catalogbigclscd:C/catalogmiddleclscd:01/catalogsmallclscd:01/catalogxsmallclscd:4257/viewtype:single/limit:100	650-130-13	419-0637	\3,294（\3,050）	\3,060（\2,833）	2017-4-1607	
2017/04/13 14:58:39	カクダイ　耐熱ボールバルブ（片ナットつき）	(株)カクダイ	http://www.orange-book.com/obwfk52010/index/page:1/catalogbigclscd:C/catalogmiddleclscd:01/catalogsmallclscd:01/catalogxsmallclscd:4257/viewtype:single/limit:100	650-630-20	419-0661	\4,212（\3,900）	\3,911（\3,621）	2017-4-1607	
2017/04/13 14:58:39	カクダイ　ミニチュアボールバルブ	(株)カクダイ	http://www.orange-book.com/obwfk52010/index/page:1/catalogbigclscd:C/catalogmiddleclscd:01/catalogsmallclscd:01/catalogxsmallclscd:4257/viewtype:single/limit:100	651-803-6	477-6674	\1,512（\1,400）	\1,404（\1,300）	2017-4-1605	
2017/04/13 14:58:39	カクダイ　ミニチュアボールバルブ	(株)カクダイ	http://www.orange-book.com/obwfk52010/index/page:1/catalogbigclscd:C/catalogmiddleclscd:01/catalogsmallclscd:01/catalogxsmallclscd:4257/viewtype:single/limit:100	651-903-6	477-6836	\1,512（\1,400）	\1,404（\1,300）	2017-4-1605	
2017/04/13 14:58:39	カクダイ　ミニチュアボールバルブ	(株)カクダイ	http://www.orange-book.com/obwfk52010/index/page:1/catalogbigclscd:C/catalogmiddleclscd:01/catalogsmallclscd:01/catalogxsmallclscd:4257/viewtype:single/limit:100	651-905-1/4X8.0	477-6879	\1,490（\1,380）	\1,386（\1,283）	2017-4-1605	
2017/04/13 14:58:39	キッツ　空圧自動ボールバルブ	(株)キッツ	http://www.orange-book.com/obwfk52010/index/page:1/catalogbigclscd:C/catalogmiddleclscd:01/catalogsmallclscd:01/catalogxsmallclscd:4257/viewtype:single/limit:100	B-10UTBM15	850-4639	\69,120（\64,000）	\64,800（\60,000）	-	
2017/04/13 14:58:39	ＡＳＯＨ　エースボールＺｅｒｏ　ホースニップル型　ＰＴ３／４ＸΦ２０．５	アソー(株)	http://www.orange-book.com/obwfk52010/index/page:1/catalogbigclscd:C/catalogmiddleclscd:01/catalogsmallclscd:01/catalogxsmallclscd:4257/viewtype:single/limit:100	BH-0620	382-1501	\3,132（\2,900）	\3,132（\2,900）	2017-4-1606	
2017/04/13 14:58:39	ＡＳＯＨ　エースボールＺｅｒｏ　下向ドレン型　ＰＴ１／２	アソー(株)	http://www.orange-book.com/obwfk52010/index/page:1/catalogbigclscd:C/catalogmiddleclscd:01/catalogsmallclscd:01/catalogxsmallclscd:4257/viewtype:single/limit:100	BL-0400	382-1692	\3,402（\3,150）	\3,402（\3,150）	2017-4-1606	
2017/04/13 14:58:39	キッツ　空圧自動ボールバルブ	(株)キッツ	http://www.orange-book.com/obwfk52010/index/page:1/catalogbigclscd:C/catalogmiddleclscd:01/catalogsmallclscd:01/catalogxsmallclscd:4257/viewtype:single/limit:100	BS-10UTBM250	850-4684	\3,679,560（\3,407,000）	\3,449,588（\3,194,063）	-	
2017/04/13 14:58:39	フジキン　黄銅製ニードルバルブ１／４Ｂ　開度指示器付き	(株)フジキン	http://www.orange-book.com/obwfk52010/index/page:1/catalogbigclscd:C/catalogmiddleclscd:01/catalogsmallclscd:01/catalogxsmallclscd:4257/viewtype:single/limit:100	DH-12GB-R	850-4764	\6,912（\6,400）	\6,912（\6,400）	-	
2017/04/13 14:58:39	キッツ　ＭＺＥ型ボールバルブ１	(株)キッツ	http://www.orange-book.com/obwfk52010/index/page:1/catalogbigclscd:C/catalogmiddleclscd:01/catalogsmallclscd:01/catalogxsmallclscd:4257/viewtype:single/limit:100	MZE-25A	411-0234	オープン価格	\3,389（\3,138）	2017-4-1604	
2017/04/13 14:58:39	フジキン　ステンレス鋼製４．９０ＭＰａパネルマウント式ボール弁	(株)フジキン	http://www.orange-book.com/obwfk52010/index/page:1/catalogbigclscd:C/catalogmiddleclscd:01/catalogsmallclscd:01/catalogxsmallclscd:4257/viewtype:single/limit:100	PUBV-95-6.35	365-5342	\11,664（\10,800）	\11,664（\10,800）	2017-4-1611	
2017/04/13 14:58:39	キッツ　Ｔシリーズボールバルブ４００型　１１／２	(株)キッツ	http://www.orange-book.com/obwfk52010/index/page:1/catalogbigclscd:C/catalogmiddleclscd:01/catalogsmallclscd:01/catalogxsmallclscd:4257/viewtype:single/limit:100	T-40A	163-6740	\11,124（\10,300）	\9,262（\8,576）	2017-4-1603	
2017/04/13 14:58:39	キッツ　Ｔシリーズボールバルブ４００型　２１／２	(株)キッツ	http://www.orange-book.com/obwfk52010/index/page:1/catalogbigclscd:C/catalogmiddleclscd:01/catalogsmallclscd:01/catalogxsmallclscd:4257/viewtype:single/limit:100	T-65A	163-6766	\38,232（\35,400）	\31,829（\29,471）	2017-4-1603	
2017/04/13 14:59:04	ＴＲＵＳＣＯ　厚手手袋　ロングタイプ　Ｌサイズ	トラスコ中山(株)	http://www.orange-book.com/obwfk52010/index/page:1/catalogbigclscd:E/catalogmiddleclscd:03/catalogsmallclscd:09/catalogxsmallclscd:1281/viewtype:single/limit:100	DPM-6630-L	273-8023	\734（\680）	\630（\583）	2017-4-0427	
2017/04/13 14:59:04	エステー　モデルローブＮＯ６００ニトリル手袋（裏メリヤス）ＬＬ	エステー(株)	http://www.orange-book.com/obwfk52010/index/page:1/catalogbigclscd:E/catalogmiddleclscd:03/catalogsmallclscd:09/catalogxsmallclscd:1281/viewtype:single/limit:100	NO.600LL	294-2755	\594（\550）	\494（\457）	2017-4-0427	
2017/04/13 14:59:04	エステー　モデルローブＮＯ６００ニトリル手袋（裏メリヤス）Ｌ	エステー(株)	http://www.orange-book.com/obwfk52010/index/page:1/catalogbigclscd:E/catalogmiddleclscd:03/catalogsmallclscd:09/catalogxsmallclscd:1281/viewtype:single/limit:100	NO.600L	294-2747	\594（\550）	\494（\457）	2017-4-0427	
2017/04/13 14:59:04	ＴＲＵＳＣＯ　厚手手袋　ロングタイプ　ＬＬサイズ	トラスコ中山(株)	http://www.orange-book.com/obwfk52010/index/page:1/catalogbigclscd:E/catalogmiddleclscd:03/catalogsmallclscd:09/catalogxsmallclscd:1281/viewtype:single/limit:100	DPM-6630-LL	272-0493	\734（\680）	\630（\583）	2017-4-0427	
2017/04/13 14:59:04	エステー　モデルローブＮＯ６００ニトリル手袋（裏メリヤス）Ｍ	エステー(株)	http://www.orange-book.com/obwfk52010/index/page:1/catalogbigclscd:E/catalogmiddleclscd:03/catalogsmallclscd:09/catalogxsmallclscd:1281/viewtype:single/limit:100	NO.600M	294-2763	\594（\550）	\494（\457）	2017-4-0427	
2017/04/13 14:59:04	ショーワ　Ｎｏ７５０ニトロ?ブ　Ｌサイズ	ショーワグローブ(株)	http://www.orange-book.com/obwfk52010/index/page:1/catalogbigclscd:E/catalogmiddleclscd:03/catalogsmallclscd:09/catalogxsmallclscd:1281/viewtype:single/limit:100	NO750-L	253-3561	オープン価格	\461（\427）	2017-4-0427	
2017/04/13 14:59:04	ショーワ　Ｎｏ８７５ニューニトリル極薄手　１００枚入　Ｌサイズ	ショーワグローブ(株)        後継品情報あり	http://www.orange-book.com/obwfk52010/index/page:1/catalogbigclscd:E/catalogmiddleclscd:03/catalogsmallclscd:09/catalogxsmallclscd:1281/viewtype:single/limit:100	NO875-LB	-	\4,050（\3,750）	\3,471（\3,214）	-	
2017/04/13 14:59:04	ノース　手袋ニトリルラテックス	ノース社	http://www.orange-book.com/obwfk52010/index/page:1/catalogbigclscd:E/catalogmiddleclscd:03/catalogsmallclscd:09/catalogxsmallclscd:1281/viewtype:single/limit:100	LA-132-L	793-7784	\583（\540）	\417（\386）	-	
2017/04/13 14:59:04	ダンロップ　食肉加工用手袋　Ｎｏ．９０２　　Ｍ　ホワイト	(株)ダンロップホームプロダクツ	http://www.orange-book.com/obwfk52010/index/page:1/catalogbigclscd:E/catalogmiddleclscd:03/catalogsmallclscd:09/catalogxsmallclscd:1281/viewtype:single/limit:100	5782	854-8941	オープン価格	\339（\314）	-	
2017/04/13 14:59:04	ダンロップ　ニトリルうす手　Ｎｏ．９１０　Ｍ　ピンク	(株)ダンロップホームプロダクツ	http://www.orange-book.com/obwfk52010/index/page:1/catalogbigclscd:E/catalogmiddleclscd:03/catalogsmallclscd:09/catalogxsmallclscd:1281/viewtype:single/limit:100	2968	854-8914	オープン価格	\163（\151）	-	
2017/04/13 14:59:04	アンセル　耐溶剤作業手袋　ネオプレン　Ｍ	(株)アンセル・ヘルスケア・ジャパン        後継品情報あり	http://www.orange-book.com/obwfk52010/index/page:1/catalogbigclscd:E/catalogmiddleclscd:03/catalogsmallclscd:09/catalogxsmallclscd:1281/viewtype:single/limit:100	29-865-8	-	\1,080（\1,000）	\849（\786）	-	
2017/04/13 14:59:04	アンセル　耐溶剤作業手袋　ネオプレン　Ｌ	(株)アンセル・ヘルスケア・ジャパン        後継品情報あり	http://www.orange-book.com/obwfk52010/index/page:1/catalogbigclscd:E/catalogmiddleclscd:03/catalogsmallclscd:09/catalogxsmallclscd:1281/viewtype:single/limit:100	29-865-9	-	\1,080（\1,000）	\849（\786）	-	
2017/04/13 14:59:04	トワロン　耐油トワロンハードロング　ＬＬ	(株)東和コーポレーション	http://www.orange-book.com/obwfk52010/index/page:1/catalogbigclscd:E/catalogmiddleclscd:03/catalogsmallclscd:09/catalogxsmallclscd:1281/viewtype:single/limit:100	566-2L	780-8933	オープン価格	\710（\657）	2017-4-0428	
2017/04/13 14:59:04	ダンロップ　ニトリル腕カバー付手袋　Ｌ	(株)ダンロップホームプロダクツ	http://www.orange-book.com/obwfk52010/index/page:1/catalogbigclscd:E/catalogmiddleclscd:03/catalogsmallclscd:09/catalogxsmallclscd:1281/viewtype:single/limit:100	5731	854-8939	オープン価格	\1,515（\1,403）	-	
2017/04/13 14:59:04	ＴＲＵＳＣＯ　厚手手袋　Ｌサイズ	トラスコ中山(株)	http://www.orange-book.com/obwfk52010/index/page:1/catalogbigclscd:E/catalogmiddleclscd:03/catalogsmallclscd:09/catalogxsmallclscd:1281/viewtype:single/limit:100	TGN-L	326-0844	\702（\650）	\602（\557）	2017-4-0427	
2017/04/13 14:59:04	アトム　ライトイーグルＶ５５ｃｍ　ＬＬ	アトム(株)	http://www.orange-book.com/obwfk52010/index/page:1/catalogbigclscd:E/catalogmiddleclscd:03/catalogsmallclscd:09/catalogxsmallclscd:1281/viewtype:single/limit:100	1300V-55-LL	813-6960	\1,922（\1,780）	\1,512（\1,400）	-	
2017/04/13 14:59:04	ショーワ　Ｎｏ７５０ニトロ?ブ　ＬＬサイズ	ショーワグローブ(株)	http://www.orange-book.com/obwfk52010/index/page:1/catalogbigclscd:E/catalogmiddleclscd:03/catalogsmallclscd:09/catalogxsmallclscd:1281/viewtype:single/limit:100	NO750-LL	253-3570	オープン価格	\461（\427）	2017-4-0427	
2017/04/13 14:59:04	ショーワ　Ｎｏ７５０ニトロ?ブ　Ｍサイズ	ショーワグローブ(株)	http://www.orange-book.com/obwfk52010/index/page:1/catalogbigclscd:E/catalogmiddleclscd:03/catalogsmallclscd:09/catalogxsmallclscd:1281/viewtype:single/limit:100	NO750-M	253-3553	オープン価格	\461（\427）	2017-4-0427	
2017/04/13 14:59:04	ＣＯＶＥＲＷＯＲＫ　水に濡れても滑りにくいニトリルゴム背抜き手袋	ミドリ安全(株)	http://www.orange-book.com/obwfk52010/index/page:1/catalogbigclscd:E/catalogmiddleclscd:03/catalogsmallclscd:09/catalogxsmallclscd:1281/viewtype:single/limit:100	FT-3335-1P&nbsp;L	825-8786	オープン価格	\293（\271）	-	
2017/04/13 14:59:04	ショーワ　ナイスハンドエクストラ中厚手　Ｍサイズ　ピンク	ショーワグローブ(株)	http://www.orange-book.com/obwfk52010/index/page:1/catalogbigclscd:E/catalogmiddleclscd:03/catalogsmallclscd:09/catalogxsmallclscd:1281/viewtype:single/limit:100	NHEXC-MP	366-5488	オープン価格	\291（\269）	2017-4-0430	
2017/04/13 14:59:04	エステー　モデルローブＮＯ３４０　ニトリル手袋耐油薄手　Ｓホワイト	エステー(株)	http://www.orange-book.com/obwfk52010/index/page:1/catalogbigclscd:E/catalogmiddleclscd:03/catalogsmallclscd:09/catalogxsmallclscd:1281/viewtype:single/limit:100	NO.340S	541-4172	\216（\200）	\154（\143）	-	
2017/04/13 14:59:04	エステー　モデルローブＮＯ．６００ニトリル手袋　　裏メリヤスＳ	エステー(株)	http://www.orange-book.com/obwfk52010/index/page:1/catalogbigclscd:E/catalogmiddleclscd:03/catalogsmallclscd:09/catalogxsmallclscd:1281/viewtype:single/limit:100	NO.600S	448-4304	\594（\550）	\494（\457）	2017-4-0427	
2017/04/13 14:59:04	エステー　ＮＯ６２０産業用保護手袋ニトリルジャージＬ	エステー(株)	http://www.orange-book.com/obwfk52010/index/page:1/catalogbigclscd:E/catalogmiddleclscd:03/catalogsmallclscd:09/catalogxsmallclscd:1281/viewtype:single/limit:100	NO620L	356-9268	\594（\550）	\494（\457）	2017-4-0428	
2017/04/13 14:59:04	ショーワ　ニトリスト１００枚入　Ｍサイズ	ショーワグローブ(株)        後継品情報あり	http://www.orange-book.com/obwfk52010/index/page:1/catalogbigclscd:E/catalogmiddleclscd:03/catalogsmallclscd:09/catalogxsmallclscd:1281/viewtype:single/limit:100	NO876-M	-	オープン価格	\1,402（\1,298）	-	
2017/04/13 14:59:04	ＴＲＵＳＣＯ　厚手手袋　Ｍサイズ	トラスコ中山(株)	http://www.orange-book.com/obwfk52010/index/page:1/catalogbigclscd:E/catalogmiddleclscd:03/catalogsmallclscd:09/catalogxsmallclscd:1281/viewtype:single/limit:100	TGN-M	326-0836	\702（\650）	\602（\557）	2017-4-0427	
2017/04/13 14:59:04	アトム　ライトイーグルＶ５５ｃｍ　Ｌ	アトム(株)	http://www.orange-book.com/obwfk52010/index/page:1/catalogbigclscd:E/catalogmiddleclscd:03/catalogsmallclscd:09/catalogxsmallclscd:1281/viewtype:single/limit:100	1300V-55-L	813-6959	\1,922（\1,780）	\1,512（\1,400）	-	
2017/04/13 14:59:04	アンセル　耐溶剤作業用手袋　ＰＶＡ　サイズＬ	(株)アンセル・ヘルスケア・ジャパン        後継品情報あり	http://www.orange-book.com/obwfk52010/index/page:1/catalogbigclscd:E/catalogmiddleclscd:03/catalogsmallclscd:09/catalogxsmallclscd:1281/viewtype:single/limit:100	15-554-9	-	\4,860（\4,500）	\3,819（\3,536）	-	
2017/04/13 14:59:04	ユニット　ニトリルラテックス製中厚保護手袋	ユニット(株)        後継品情報あり	http://www.orange-book.com/obwfk52010/index/page:1/catalogbigclscd:E/catalogmiddleclscd:03/catalogsmallclscd:09/catalogxsmallclscd:1281/viewtype:single/limit:100	379-27	-	\1,296（\1,200）	\1,111（\1,029）	-	
2017/04/13 14:59:04	ビニスター　ニトリル極薄手２０枚入	(株)東和コーポレーション        後継品情報あり	http://www.orange-book.com/obwfk52010/index/page:1/catalogbigclscd:E/catalogmiddleclscd:03/catalogsmallclscd:09/catalogxsmallclscd:1281/viewtype:single/limit:100	530-L	-	\702（\650）	\562（\520）	-	
2017/04/13 14:59:04	トワロン　耐油トワロンハード　ＬＬ	(株)東和コーポレーション	http://www.orange-book.com/obwfk52010/index/page:1/catalogbigclscd:E/catalogmiddleclscd:03/catalogsmallclscd:09/catalogxsmallclscd:1281/viewtype:single/limit:100	565-LL	474-6678	オープン価格	\602（\557）	2017-4-0428	
2017/04/13 14:59:04	ダンロップ　デジハンド　ニトリルコート　ＬＬサイズ	(株)ダンロップホームプロダクツ	http://www.orange-book.com/obwfk52010/index/page:1/catalogbigclscd:E/catalogmiddleclscd:03/catalogsmallclscd:09/catalogxsmallclscd:1281/viewtype:single/limit:100	7689	354-1754	オープン価格	\432（\400）	-	
2017/04/13 14:59:04	トワロン　まとめ買い　業務用耐油トワロンハード（１０双入）　Ｍ	(株)東和コーポレーション	http://www.orange-book.com/obwfk52010/index/page:1/catalogbigclscd:E/catalogmiddleclscd:03/catalogsmallclscd:09/catalogxsmallclscd:1281/viewtype:single/limit:100	965-M	474-6767	オープン価格	\5,354（\4,957）	2017-4-0428	
2017/04/13 14:59:04	ＴＲＵＳＣＯ　捨てニトリル手袋耐油・耐薬品	トラスコ中山(株)        後継品情報あり	http://www.orange-book.com/obwfk52010/index/page:1/catalogbigclscd:E/catalogmiddleclscd:03/catalogsmallclscd:09/catalogxsmallclscd:1281/viewtype:single/limit:100	DPM-2365	172-8164	\367（\340）	\275（\255）	-	
2017/04/13 14:59:04	ＴＲＵＳＣＯ　【売切り】　使い捨てニトリル手袋Ｍ	トラスコ中山(株)        後継品情報あり	http://www.orange-book.com/obwfk52010/index/page:1/catalogbigclscd:E/catalogmiddleclscd:03/catalogsmallclscd:09/catalogxsmallclscd:1281/viewtype:single/limit:100	DPM-6981-M	273-7884	\1,296（\1,200）	\654（\606）	-	
2017/04/13 14:59:04	ノース　手袋ニトリルラテックス	ノース社	http://www.orange-book.com/obwfk52010/index/page:1/catalogbigclscd:E/catalogmiddleclscd:03/catalogsmallclscd:09/catalogxsmallclscd:1281/viewtype:single/limit:100	LA-102-M	854-8958	\562（\520）	\401（\371）	-	
2017/04/13 14:59:04	エステー　モデルローブＮＯ３４０　ニトリル手袋耐油薄手　Ｌブルー	エステー(株)	http://www.orange-book.com/obwfk52010/index/page:1/catalogbigclscd:E/catalogmiddleclscd:03/catalogsmallclscd:09/catalogxsmallclscd:1281/viewtype:single/limit:100	NO.340L-B	541-4148	\216（\200）	\154（\143）	-	
2017/04/13 14:59:04	エステー　ニトリル手袋腕カバー付　Ｌ	エステー(株)	http://www.orange-book.com/obwfk52010/index/page:1/catalogbigclscd:E/catalogmiddleclscd:03/catalogsmallclscd:09/catalogxsmallclscd:1281/viewtype:single/limit:100	NO.660L	-	\1,944（\1,800）	\1,589（\1,471）	-	
2017/04/13 14:59:04	エステー　モデルローブＮＯ６１０産業用保護手袋　Ｍ?Ｙ	エステー(株)	http://www.orange-book.com/obwfk52010/index/page:1/catalogbigclscd:E/catalogmiddleclscd:03/catalogsmallclscd:09/catalogxsmallclscd:1281/viewtype:single/limit:100	NO610M-Y	356-9250	\594（\550）	\494（\457）	2017-4-0428	
2017/04/13 14:59:04	エステー　モデルローブＮＯ６３１指先強化水産用ニトリル手袋　Ｌ	エステー(株)	http://www.orange-book.com/obwfk52010/index/page:1/catalogbigclscd:E/catalogmiddleclscd:03/catalogsmallclscd:09/catalogxsmallclscd:1281/viewtype:single/limit:100	NO631L	541-4326	\918（\850）	\648（\600）	-	
2017/04/13 14:59:04	ショーワ　まとめ買い　簡易包装ニトローブ１０双入　Ｌサイズ	ショーワグローブ(株)	http://www.orange-book.com/obwfk52010/index/page:1/catalogbigclscd:E/catalogmiddleclscd:03/catalogsmallclscd:09/catalogxsmallclscd:1281/viewtype:single/limit:100	NO750-L10P	818-6285	オープン価格	\4,136（\3,830）	2017-4-0427	
2017/04/13 14:59:04	ショーワ　まとめ買い　簡易包装ニトローブ１０双入　ＬＬサイズ	ショーワグローブ(株)	http://www.orange-book.com/obwfk52010/index/page:1/catalogbigclscd:E/catalogmiddleclscd:03/catalogsmallclscd:09/catalogxsmallclscd:1281/viewtype:single/limit:100	NO750-LL10P	818-6286	オープン価格	\4,136（\3,830）	2017-4-0427	
2017/04/13 14:59:04	ショーワ　まとめ買い　簡易包装ニトローブ１０双入　Ｍサイズ	ショーワグローブ(株)	http://www.orange-book.com/obwfk52010/index/page:1/catalogbigclscd:E/catalogmiddleclscd:03/catalogsmallclscd:09/catalogxsmallclscd:1281/viewtype:single/limit:100	NO750-M10P	818-6284	オープン価格	\4,136（\3,830）	2017-4-0427	
2017/04/13 14:59:04	ＡＳ　ＰＵコート手袋オーバーロック掌ＬＬ　大箱	アズワン(株)	http://www.orange-book.com/obwfk52010/index/page:1/catalogbigclscd:E/catalogmiddleclscd:03/catalogsmallclscd:09/catalogxsmallclscd:1281/viewtype:single/limit:100	1-2262-61	854-8762	\48,114（\44,550）	\48,113（\44,549）	-	
2017/04/13 14:59:04	ＡＳ　ＰＵコート手袋オーバーロック掌Ｍ　大箱	アズワン(株)	http://www.orange-book.com/obwfk52010/index/page:1/catalogbigclscd:E/catalogmiddleclscd:03/catalogsmallclscd:09/catalogxsmallclscd:1281/viewtype:single/limit:100	1-2262-63	854-8764	\48,114（\44,550）	\48,113（\44,549）	-	
2017/04/13 14:59:04	ＡＳ　ＡＰ　ＥＳＤ手袋　掌コート　Ｍ　大箱	アズワン(株)	http://www.orange-book.com/obwfk52010/index/page:1/catalogbigclscd:E/catalogmiddleclscd:03/catalogsmallclscd:09/catalogxsmallclscd:1281/viewtype:single/limit:100	1-2284-63	854-8778	\100,602（\93,150）	\100,601（\93,149）	-	
2017/04/13 14:59:04	アトム　ソフトニトリル　ジャージ付　Ｌ	アトム(株)	http://www.orange-book.com/obwfk52010/index/page:1/catalogbigclscd:E/catalogmiddleclscd:03/catalogsmallclscd:09/catalogxsmallclscd:1281/viewtype:single/limit:100	1410-L	813-6961	\864（\800）	\694（\643）	-	
2017/04/13 14:59:04	ＡＳ　ＡＰＮＢＲ手袋ＰＫ指先エンボス２Ｍ　千枚	アズワン(株)	http://www.orange-book.com/obwfk52010/index/page:1/catalogbigclscd:E/catalogmiddleclscd:03/catalogsmallclscd:09/catalogxsmallclscd:1281/viewtype:single/limit:100	1-4773-53	854-8822	\25,056（\23,200）	\25,056（\23,200）	-	
2017/04/13 14:59:04	アトム　スーパーイーグルＭ	アトム(株)	http://www.orange-book.com/obwfk52010/index/page:1/catalogbigclscd:E/catalogmiddleclscd:03/catalogsmallclscd:09/catalogxsmallclscd:1281/viewtype:single/limit:100	212-M	813-6776	\842（\780）	\679（\629）	-	
2017/04/13 14:59:04	川西　耐油マックス	川西工業(株)	http://www.orange-book.com/obwfk52010/index/page:1/catalogbigclscd:E/catalogmiddleclscd:03/catalogsmallclscd:09/catalogxsmallclscd:1281/viewtype:single/limit:100	2300-L	829-0491	オープン価格	\471（\436）	-	
2017/04/13 14:59:04	ダンロップ　ニトリルうす手　Ｎｏ．９１１　Ｌ　ピンク	(株)ダンロップホームプロダクツ	http://www.orange-book.com/obwfk52010/index/page:1/catalogbigclscd:E/catalogmiddleclscd:03/catalogsmallclscd:09/catalogxsmallclscd:1281/viewtype:single/limit:100	2979	854-8924	オープン価格	\172（\159）	-	
2017/04/13 14:59:04	アンセル　耐油ニトリル手袋　ソルベックス薄手　サイズＬＬ	(株)アンセル・ヘルスケア・ジャパン        後継品情報あり	http://www.orange-book.com/obwfk52010/index/page:1/catalogbigclscd:E/catalogmiddleclscd:03/catalogsmallclscd:09/catalogxsmallclscd:1281/viewtype:single/limit:100	37-145-10	-	\535（\495）	\420（\389）	-	
2017/04/13 14:59:04	トワロン　耐油ニトリルパワーロング　ＬＬ	(株)東和コーポレーション	http://www.orange-book.com/obwfk52010/index/page:1/catalogbigclscd:E/catalogmiddleclscd:03/catalogsmallclscd:09/catalogxsmallclscd:1281/viewtype:single/limit:100	502-LL	404-0554	オープン価格	\694（\643）	2017-4-0429	
2017/04/13 14:59:04	東京パック　ＭＪニトリルグローブ　ブルーＰＦ　Ｌ	東京パック(株)        後継品情報あり	http://www.orange-book.com/obwfk52010/index/page:1/catalogbigclscd:E/catalogmiddleclscd:03/catalogsmallclscd:09/catalogxsmallclscd:1281/viewtype:single/limit:100	510100111900	-	オープン価格	\1,234（\1,143）	-	
2017/04/13 14:59:04	トワロン　アクティブグリップ耐油　ＬＬ	(株)東和コーポレーション	http://www.orange-book.com/obwfk52010/index/page:1/catalogbigclscd:E/catalogmiddleclscd:03/catalogsmallclscd:09/catalogxsmallclscd:1281/viewtype:single/limit:100	585-LL	362-0964	オープン価格	\555（\514）	2017-4-0429	
2017/04/13 14:59:04	ＡＳ　熱水安全手袋　フリーサイズ	アズワン(株)	http://www.orange-book.com/obwfk52010/index/page:1/catalogbigclscd:E/catalogmiddleclscd:03/catalogsmallclscd:09/catalogxsmallclscd:1281/viewtype:single/limit:100	6-8620-01	821-6973	\8,802（\8,150）	\8,801（\8,149）	-	
2017/04/13 14:59:04	ダンロップ　Ｖ?３１５　耐油ビニール作業用　メリヤス　Ｌ	(株)ダンロップホームプロダクツ	http://www.orange-book.com/obwfk52010/index/page:1/catalogbigclscd:E/catalogmiddleclscd:03/catalogsmallclscd:09/catalogxsmallclscd:1281/viewtype:single/limit:100	7141	-	オープン価格	\432（\400）	-	
2017/04/13 14:59:04	アトム　ニトリル裏なし手袋（中厚）　Ｌ	アトム(株)	http://www.orange-book.com/obwfk52010/index/page:1/catalogbigclscd:E/catalogmiddleclscd:03/catalogsmallclscd:09/catalogxsmallclscd:1281/viewtype:single/limit:100	718L	813-6836	\540（\500）	\386（\357）	-	
2017/04/13 14:59:04	アトム　ニトリル極薄手袋　１００枚入　Ｌ	アトム(株)	http://www.orange-book.com/obwfk52010/index/page:1/catalogbigclscd:E/catalogmiddleclscd:03/catalogsmallclscd:09/catalogxsmallclscd:1281/viewtype:single/limit:100	719-100-L	-	\1,755（\1,625）	\1,254（\1,161）	-	
2017/04/13 14:59:04	ダンロップ　デジハンド　ニトリルコート　Ｌサイズ	(株)ダンロップホームプロダクツ	http://www.orange-book.com/obwfk52010/index/page:1/catalogbigclscd:E/catalogmiddleclscd:03/catalogsmallclscd:09/catalogxsmallclscd:1281/viewtype:single/limit:100	7688	354-1746	オープン価格	\432（\400）	-	
2017/04/13 14:59:04	丸和ケミカル　黒フィット　ニトリルコーティング手袋　１０双組	丸和ケミカル(株)	http://www.orange-book.com/obwfk52010/index/page:1/catalogbigclscd:E/catalogmiddleclscd:03/catalogsmallclscd:09/catalogxsmallclscd:1281/viewtype:single/limit:100	775-10	825-9344	オープン価格	\1,543（\1,429）	-	
2017/04/13 14:59:04	アンセル　ニトリライト	(株)アンセル・ヘルスケア・ジャパン	http://www.orange-book.com/obwfk52010/index/page:1/catalogbigclscd:E/catalogmiddleclscd:03/catalogsmallclscd:09/catalogxsmallclscd:1281/viewtype:single/limit:100	93-311-XL	-	\4,320（\4,000）	\3,394（\3,143）	-	
2017/04/13 14:59:04	トワロン　まとめ買い　業務用耐油トワロンハード（１０双入）　Ｌ	(株)東和コーポレーション	http://www.orange-book.com/obwfk52010/index/page:1/catalogbigclscd:E/catalogmiddleclscd:03/catalogsmallclscd:09/catalogxsmallclscd:1281/viewtype:single/limit:100	965-L	474-6741	オープン価格	\5,354（\4,957）	2017-4-0428	
2017/04/13 14:59:04	トワロン　まとめ買い　業務用耐油トワロンハード（１０双入）　ＬＬ	(株)東和コーポレーション	http://www.orange-book.com/obwfk52010/index/page:1/catalogbigclscd:E/catalogmiddleclscd:03/catalogsmallclscd:09/catalogxsmallclscd:1281/viewtype:single/limit:100	965-LL	474-6759	オープン価格	\5,354（\4,957）	2017-4-0428	
2017/04/13 14:59:04	ＴＲＵＳＣＯ　厚手手袋　ロングタイプ　Ｍサイズ	トラスコ中山(株)	http://www.orange-book.com/obwfk52010/index/page:1/catalogbigclscd:E/catalogmiddleclscd:03/catalogsmallclscd:09/catalogxsmallclscd:1281/viewtype:single/limit:100	DPM-6630-M	272-0485	\734（\680）	\630（\583）	2017-4-0427	
2017/04/13 14:59:04	ノース　手袋ニトリルラテックス	ノース社	http://www.orange-book.com/obwfk52010/index/page:1/catalogbigclscd:E/catalogmiddleclscd:03/catalogsmallclscd:09/catalogxsmallclscd:1281/viewtype:single/limit:100	LA-132-M	854-8961	\583（\540）	\417（\386）	-	
2017/04/13 14:59:04	ショーワ　ナイスハンドエクストラ中厚手　Ｍサイズ　緑	ショーワグローブ(株)	http://www.orange-book.com/obwfk52010/index/page:1/catalogbigclscd:E/catalogmiddleclscd:03/catalogsmallclscd:09/catalogxsmallclscd:1281/viewtype:single/limit:100	NHEXC-MG	366-5470	オープン価格	\291（\269）	2017-4-0430	
2017/04/13 14:59:04	エステー　モデルローブＮＯ３４０　ニトリル手袋耐油薄手　Ｌホワイト	エステー(株)	http://www.orange-book.com/obwfk52010/index/page:1/catalogbigclscd:E/catalogmiddleclscd:03/catalogsmallclscd:09/catalogxsmallclscd:1281/viewtype:single/limit:100	NO.340L	541-4130	\216（\200）	\154（\143）	-	
2017/04/13 14:59:04	ショーワ　Ｎｏ７５０ニトロ?ブ　Ｓサイズ	ショーワグローブ(株)	http://www.orange-book.com/obwfk52010/index/page:1/catalogbigclscd:E/catalogmiddleclscd:03/catalogsmallclscd:09/catalogxsmallclscd:1281/viewtype:single/limit:100	NO750-S	354-8007	オープン価格	\461（\427）	2017-4-0427	
2017/04/13 14:59:04	ショーワ　Ｎｏ７７０水産ニトローブ　Ｍサイズ	ショーワグローブ(株)	http://www.orange-book.com/obwfk52010/index/page:1/catalogbigclscd:E/catalogmiddleclscd:03/catalogsmallclscd:09/catalogxsmallclscd:1281/viewtype:single/limit:100	NO770-M	409-2643	オープン価格	\469（\434）	2017-4-0428	
2017/04/13 14:59:04	ショーワ　まとめ買い　Ｎｏ７７０　簡易包装イエローブ１０双入　Ｌサイズ	ショーワグローブ(株)	http://www.orange-book.com/obwfk52010/index/page:1/catalogbigclscd:E/catalogmiddleclscd:03/catalogsmallclscd:09/catalogxsmallclscd:1281/viewtype:single/limit:100	NO770YE-L10P	434-8451	オープン価格	\4,073（\3,771）	2017-4-0428	
2017/04/13 14:59:04	ショーワ　まとめ買い　Ｎｏ７７０　簡易包装イエローブ１０双入　ＬＬサイズ	ショーワグローブ(株)	http://www.orange-book.com/obwfk52010/index/page:1/catalogbigclscd:E/catalogmiddleclscd:03/catalogsmallclscd:09/catalogxsmallclscd:1281/viewtype:single/limit:100	NO770YE-LL10P	434-8460	オープン価格	\4,073（\3,771）	2017-4-0428	
2017/04/13 14:59:04	ショーワ　Ｎｏ８７５ニューニトリル極薄手　１００枚入　Ｍサイズ　ブルー	ショーワグローブ(株)        後継品情報あり	http://www.orange-book.com/obwfk52010/index/page:1/catalogbigclscd:E/catalogmiddleclscd:03/catalogsmallclscd:09/catalogxsmallclscd:1281/viewtype:single/limit:100	NO875-MB	-	\4,050（\3,750）	\3,471（\3,214）	-	
2017/04/13 14:59:04	ダンロップ　清掃用手袋　ＰＲＯ５００　Ｍ　ピンク	(株)ダンロップホームプロダクツ        後継品情報あり	http://www.orange-book.com/obwfk52010/index/page:1/catalogbigclscd:E/catalogmiddleclscd:03/catalogsmallclscd:09/catalogxsmallclscd:1281/viewtype:single/limit:100	PRO500MP	407-3207	オープン価格	\339（\314）	-	
2017/04/13 14:59:04	丸五　耐油万年＃７１０　マリンブルー　Ｌ	(株)丸五	http://www.orange-book.com/obwfk52010/index/page:1/catalogbigclscd:E/catalogmiddleclscd:03/catalogsmallclscd:09/catalogxsmallclscd:1281/viewtype:single/limit:100	TM710-BL-L	786-1681	オープン価格	\810（\750）	-	
2017/04/13 14:59:04	丸五　耐油万年＃７１０　マリンブルー　ＬＬ	(株)丸五	http://www.orange-book.com/obwfk52010/index/page:1/catalogbigclscd:E/catalogmiddleclscd:03/catalogsmallclscd:09/catalogxsmallclscd:1281/viewtype:single/limit:100	TM710-BL-LL	786-1699	オープン価格	\810（\750）	-	
2017/04/13 14:59:04	ＡＳ　アズピュアニトリル手袋ＳＰ　Ｍ	アズワン(株)	http://www.orange-book.com/obwfk52010/index/page:1/catalogbigclscd:E/catalogmiddleclscd:03/catalogsmallclscd:09/catalogxsmallclscd:1281/viewtype:single/limit:100	1-2252-52	854-8752	\18,792（\17,400）	\18,792（\17,400）	-	
2017/04/13 14:59:04	ＡＳ　ＰＵコート手袋オーバーロック指先Ｌ　大箱	アズワン(株)	http://www.orange-book.com/obwfk52010/index/page:1/catalogbigclscd:E/catalogmiddleclscd:03/catalogsmallclscd:09/catalogxsmallclscd:1281/viewtype:single/limit:100	1-2263-62	854-8770	\40,824（\37,800）	\40,824（\37,800）	-	
2017/04/13 14:59:04	ＡＳ　ＰＵコート手袋オーバーロック指先Ｓ　大箱	アズワン(株)	http://www.orange-book.com/obwfk52010/index/page:1/catalogbigclscd:E/catalogmiddleclscd:03/catalogsmallclscd:09/catalogxsmallclscd:1281/viewtype:single/limit:100	1-2263-64	854-8772	\40,824（\37,800）	\40,824（\37,800）	-	
2017/04/13 14:59:04	ＡＳ　ＡＰ　ＥＳＤ手袋　掌コート　ＬＬ　大箱	アズワン(株)	http://www.orange-book.com/obwfk52010/index/page:1/catalogbigclscd:E/catalogmiddleclscd:03/catalogsmallclscd:09/catalogxsmallclscd:1281/viewtype:single/limit:100	1-2284-61	854-8776	\100,602（\93,150）	\100,601（\93,149）	-	
2017/04/13 14:59:04	ＡＳ　ＡＰ　ＥＳＤ手袋　指先コート　ＬＬ　大箱	アズワン(株)	http://www.orange-book.com/obwfk52010/index/page:1/catalogbigclscd:E/catalogmiddleclscd:03/catalogsmallclscd:09/catalogxsmallclscd:1281/viewtype:single/limit:100	1-2285-61	854-8783	\91,854（\85,050）	\91,853（\85,049）	-	
2017/04/13 14:59:04	アトム　耐油イーグル極寒ソフト　中長　Ｓ	アトム(株)	http://www.orange-book.com/obwfk52010/index/page:1/catalogbigclscd:E/catalogmiddleclscd:03/catalogsmallclscd:09/catalogxsmallclscd:1281/viewtype:single/limit:100	1417-S	813-6969	\842（\780）	\679（\629）	-	
2017/04/13 14:59:04	ＡＳ　ＡＰ　ＮＢＲ手袋ＰＫスムース２ＳＳ　千枚	アズワン(株)	http://www.orange-book.com/obwfk52010/index/page:1/catalogbigclscd:E/catalogmiddleclscd:03/catalogsmallclscd:09/catalogxsmallclscd:1281/viewtype:single/limit:100	1-4767-54	854-8811	\24,516（\22,700）	\24,516（\22,700）	-	
2017/04/13 14:59:04	ＡＳ　ＡＰＮＢＲ手袋ＰＫハイグリップ２Ｌ　千枚	アズワン(株)	http://www.orange-book.com/obwfk52010/index/page:1/catalogbigclscd:E/catalogmiddleclscd:03/catalogsmallclscd:09/catalogxsmallclscd:1281/viewtype:single/limit:100	1-4769-51	854-8816	\25,056（\23,200）	\25,056（\23,200）	-	
2017/04/13 14:59:04	ＡＳ　ＡＰ　導電手袋　Ｍ　１０双	アズワン(株)	http://www.orange-book.com/obwfk52010/index/page:1/catalogbigclscd:E/catalogmiddleclscd:03/catalogsmallclscd:09/catalogxsmallclscd:1281/viewtype:single/limit:100	1-4789-03	854-8839	\2,624（\2,430）	\2,623（\2,429）	-	
2017/04/13 14:59:04	ＡＳ　ＡＰ　ＰＵコート導電手袋指先２Ｌ　十双	アズワン(株)	http://www.orange-book.com/obwfk52010/index/page:1/catalogbigclscd:E/catalogmiddleclscd:03/catalogsmallclscd:09/catalogxsmallclscd:1281/viewtype:single/limit:100	1-4805-02	854-8845	\4,482（\4,150）	\4,481（\4,149）	-	
2017/04/13 14:59:04	ＡＳ　ＡＰ　ＰＵコート導電手袋指先２Ｍ　十双	アズワン(株)	http://www.orange-book.com/obwfk52010/index/page:1/catalogbigclscd:E/catalogmiddleclscd:03/catalogsmallclscd:09/catalogxsmallclscd:1281/viewtype:single/limit:100	1-4805-03	854-8846	\4,482（\4,150）	\4,481（\4,149）	-	
2017/04/13 14:59:04	アトム　耐油セイバー　Ｌ	アトム(株)	http://www.orange-book.com/obwfk52010/index/page:1/catalogbigclscd:E/catalogmiddleclscd:03/catalogsmallclscd:09/catalogxsmallclscd:1281/viewtype:single/limit:100	1700L	813-6767	\864（\800）	\694（\643）	-	
2017/04/13 14:59:04	ダンロップ　衛生手袋　１００枚入（箱入）　Ｆ	(株)ダンロップホームプロダクツ	http://www.orange-book.com/obwfk52010/index/page:1/catalogbigclscd:E/catalogmiddleclscd:03/catalogsmallclscd:09/catalogxsmallclscd:1281/viewtype:single/limit:100	1778	-	オープン価格	\1,133（\1,049）	-	
2017/04/13 14:59:04	ダンロップ　ポリエチレン手袋　Ｎｏ．１１１０　１００枚入（袋入）　Ｓ	(株)ダンロップホームプロダクツ	http://www.orange-book.com/obwfk52010/index/page:1/catalogbigclscd:E/catalogmiddleclscd:03/catalogsmallclscd:09/catalogxsmallclscd:1281/viewtype:single/limit:100	1782	-	オープン価格	\453（\419）	-	
2017/04/13 14:59:04	ダンロップ　ポリエチレン手袋　Ｎｏ．１１２０　１００枚入（袋入）　Ｓ	(株)ダンロップホームプロダクツ	http://www.orange-book.com/obwfk52010/index/page:1/catalogbigclscd:E/catalogmiddleclscd:03/catalogsmallclscd:09/catalogxsmallclscd:1281/viewtype:single/limit:100	1785	-	オープン価格	\453（\419）	-	
2017/04/13 14:59:04	ダンロップ　ポリエチレン手袋　Ｎｏ．１１１２　１００枚入（袋入）　Ｍ	(株)ダンロップホームプロダクツ	http://www.orange-book.com/obwfk52010/index/page:1/catalogbigclscd:E/catalogmiddleclscd:03/catalogsmallclscd:09/catalogxsmallclscd:1281/viewtype:single/limit:100	1788	-	オープン価格	\453（\419）	-	
2017/04/13 14:59:04	ダンロップ　のびるポリエチ手袋　Ｎｏ．１１３０　１００枚（袋入）　Ｍ	(株)ダンロップホームプロダクツ	http://www.orange-book.com/obwfk52010/index/page:1/catalogbigclscd:E/catalogmiddleclscd:03/catalogsmallclscd:09/catalogxsmallclscd:1281/viewtype:single/limit:100	1820	-	オープン価格	\802（\743）	-	
2017/04/13 14:59:04	ダンロップ　のびるポリエチ手袋　Ｎｏ．１１３１　１００枚（袋入）　Ｍ　ピンク	(株)ダンロップホームプロダクツ	http://www.orange-book.com/obwfk52010/index/page:1/catalogbigclscd:E/catalogmiddleclscd:03/catalogsmallclscd:09/catalogxsmallclscd:1281/viewtype:single/limit:100	1823	-	オープン価格	\802（\743）	-	
2017/04/13 14:59:04	トワロン　ソルベックス１８５（厚手ロング）	(株)東和コーポレーション	http://www.orange-book.com/obwfk52010/index/page:1/catalogbigclscd:E/catalogmiddleclscd:03/catalogsmallclscd:09/catalogxsmallclscd:1281/viewtype:single/limit:100	185-S	-	\1,674（\1,550）	\1,317（\1,219）	-	
2017/04/13 14:59:04	川西　やぶれにくい手袋ニトリル中厚　１Ｐ　Ｍサイズ	川西工業(株)	http://www.orange-book.com/obwfk52010/index/page:1/catalogbigclscd:E/catalogmiddleclscd:03/catalogsmallclscd:09/catalogxsmallclscd:1281/viewtype:single/limit:100	2049-M	854-8865	オープン価格	\285（\264）	-	
2017/04/13 14:59:04	川西　やぶれにくい手袋ニトリル中厚　１Ｐ　Ｓサイズ	川西工業(株)	http://www.orange-book.com/obwfk52010/index/page:1/catalogbigclscd:E/catalogmiddleclscd:03/catalogsmallclscd:09/catalogxsmallclscd:1281/viewtype:single/limit:100	2049-S	854-8866	オープン価格	\285（\264）	-	
2017/04/13 14:59:04	川西　ニトリルうす手袋　１Ｐ　Ｍサイズ	川西工業(株)	http://www.orange-book.com/obwfk52010/index/page:1/catalogbigclscd:E/catalogmiddleclscd:03/catalogsmallclscd:09/catalogxsmallclscd:1281/viewtype:single/limit:100	2052-M	854-8868	オープン価格	\139（\129）	-	
2017/04/13 14:59:04	川西　ニトリルうす手袋　１Ｐ　Ｓサイズ	川西工業(株)	http://www.orange-book.com/obwfk52010/index/page:1/catalogbigclscd:E/catalogmiddleclscd:03/catalogsmallclscd:09/catalogxsmallclscd:1281/viewtype:single/limit:100	2052-S	854-8869	オープン価格	\139（\129）	-	
2017/04/13 14:59:04	アトム　スーパーイーグル中長３０ｃｍ　ＬＬ	アトム(株)	http://www.orange-book.com/obwfk52010/index/page:1/catalogbigclscd:E/catalogmiddleclscd:03/catalogsmallclscd:09/catalogxsmallclscd:1281/viewtype:single/limit:100	212-30LL	813-6942	\1,026（\950）	\957（\886）	-	
2017/04/13 14:59:04	ＡＳ　アズピュア耐切創手袋　掌コート無し　Ｌ	アズワン(株)	http://www.orange-book.com/obwfk52010/index/page:1/catalogbigclscd:E/catalogmiddleclscd:03/catalogsmallclscd:09/catalogxsmallclscd:1281/viewtype:single/limit:100	2-2130-01	854-8873	\670（\620）	\670（\620）	-	
